الاسم,السعرات الحرارية,البروتين,الكربوهيدرات,الدهون,الوحدة,جرامات الوحدة,وصف الحصة
خبز بلدي,250,8,50,1,شريحة,60,شريحة خبز بلدي
رز أبيض مطبوخ,130,2.5,28,0.3,نصف كوب,100,نصف كوب رز أبيض مطبوخ
عدس مسلوق,116,9,20,0.4,نصف كوب,100,نصف كوب عدس مسلوق
لبن زبادي قليل الدسم,60,5,6,1.5,علبة صغيرة,125,علبة صغيرة زبادي قليل الدسم
بيض مسلوق,78,6.3,0.6,5.3,بيضة,50,بيضة مسلوقة متوسطة الحجم
تفاح,52,0.3,14,0.2,ثمرة متوسطة,150,ثمرة تفاح متوسطة الحجم
موز,89,1.1,23,0.3,ثمرة متوسطة,120,ثمرة موز متوسطة الحجم
سلطة خضراء,25,1.2,5,0.2,طبق صغير,100,طبق سلطة خضراء صغير
سمك مشوي,180,22,0,10,قطعة متوسطة,120,قطعة سمك مشوي متوسطة
لحم بقري مشوي,250,26,0,15,قطعة متوسطة,100,قطعة لحم بقري مشوي متوسطة
دجاج مشوي,165,31,0,3.6,قطعة متوسطة,100,قطعة دجاج مشوي متوسطة
فول مدمس,110,9,20,0.5,نصف كوب,100,نصف كوب فول مدمس
حمص مسلوق,135,7,22,2.5,نصف كوب,100,نصف كوب حمص مسلوق
زيت زيتون,119,0,0,14,ملعقة طعام,13.5,ملعقة طعام زيت زيتون
جبنة قريش,98,11,3.4,4.3,نصف كوب,100,نصف كوب جبنة قريش
تمر,282,2.5,75,0.4,100 جرام,100,100 جرام تمر
برتقال,47,0.9,12,0.1,ثمرة متوسطة,130,ثمرة برتقال متوسطة
كوسا مطبوخة,17,1.2,3.1,0.3,نصف كوب,100,نصف كوب كوسا مطبوخة
باذنجان مشوي,35,0.8,9,0.2,نصف كوب,100,نصف كوب باذنجان مشوي
طماطم,18,0.9,3.9,0.2,ثمرة متوسطة,123,ثمرة طماطم متوسطة
خيار,16,0.7,3.6,0.1,ثمرة متوسطة,100,ثمرة خيار متوسطة
جزر,41,0.9,10,0.2,نصف كوب,61,نصف كوب جزر مقطع
بطاطا مسلوقة,87,1.9,20,0.1,نصف كوب,100,نصف كوب بطاطا مسلوقة
عسل نحل,304,0.3,82,0,ملعقة طعام,21,ملعقة طعام عسل نحل
شاي أخضر,0,0,0,0,كوب,240,كوب شاي أخضر بدون سكر
قهوة سوداء,2,0,0,0,كوب,240,كوب قهوة بدون سكر
لبن كامل الدسم,61,3.2,5,3.3,كوب,244,كوب لبن كامل الدسم
زبدة,717,0.85,0.1,81,ملعقة طعام,14,ملعقة طعام زبدة
كريمة حليب,52,0.3,0.6,5.5,ملعقة طعام,15,ملعقة طعام كريمة حليب
مكرونة مسلوقة,131,5,25,1,نصف كوب,100,نصف كوب مكرونة مسلوقة
فاصوليا خضراء مسلوقة,31,1.8,7,0.1,نصف كوب,100,نصف كوب فاصوليا خضراء
بطاطا مقلية,312,3.4,41,15,100 جرام,100,100 جرام بطاطا مقلية
بصل,40,1.1,9,0.1,نصف كوب,80,نصف كوب بصل مقطع
ثوم,149,6.4,33,0.5,100 جرام,100,100 جرام ثوم
ليمون,29,1.1,9,0.3,ثمرة متوسطة,58,ثمرة ليمون متوسطة
كزبرة خضراء,23,2.1,3.7,0.5,نصف كوب,16,نصف كوب كزبرة خضراء
نعناع,44,3,8,0.9,نصف كوب,24,نصف كوب نعناع طازج
بقدونس,36,3,6,0.8,نصف كوب,30,نصف كوب بقدونس طازج
فلفل حار,40,1.9,9,0.4,100 جرام,100,100 جرام فلفل حار
ذرة مسلوقة,96,3.4,21,1.5,نصف كوب,100,نصف كوب ذرة مسلوقة
قهوة عربية,2,0,0,0,كوب,240,كوب قهوة عربية بدون سكر
لبنة,136,6,4,10,ملعقة طعام,30,ملعقة طعام لبنة
حمص بالطحينة,180,7,20,8,نصف كوب,100,نصف كوب حمص بالطحينة
فلافل,333,13,30,18,5 قطع,150,5 قطع فلافل مقلية
كعك,350,8,50,15,قطعة,60,قطعة كعك
تونة معلبة,132,28,0,1,علبة صغيرة,80,علبة تونة صغيرة مصفاة من الزيت
سردين معلب,208,24,0,12,علبة صغيرة,100,علبة سردين مصفاة من الزيت
جبنة بيضاء,264,18,1.6,21,100 جرام,100,100 جرام جبنة بيضاء
جبنة رومي,369,23,3,30,100 جرام,100,100 جرام جبنة رومي
فستق حلبي,562,20,28,45,100 جرام,100,100 جرام فستق حلبي
لوز,579,21,22,50,100 جرام,100,100 جرام لوز نيء
كاجو,553,18,30,44,100 جرام,100,100 جرام كاجو نيء
جوز (عين جمل),654,15,14,65,100 جرام,100,100 جرام عين جمل
سمسم,573,17,23,50,100 جرام,100,100 جرام سمسم
طحينة,595,17,21,53,ملعقة طعام,15,ملعقة طعام طحينة
شوفان,389,17,66,7,100 جرام,100,100 جرام شوفان
ذرة فشار بدون زيت,387,13,78,4.5,100 جرام,100,100 جرام فشار بدون زيت
حلاوة طحينية,516,12,55,30,100 جرام,100,100 جرام حلاوة طحينية
كشري مصري,320,10,55,8,طبق متوسط,300,طبق كشري متوسط الحجم
محشي كرنب,210,7,30,8,3 وحدات,150,3 وحدات محشي كرنب
محشي ورق عنب,190,5,25,8,10 وحدات,100,10 وحدات محشي ورق عنب
ملوخية مطبوخة,60,3,7,2,طبق صغير,150,طبق صغير ملوخية مطبوخة
بامية مطبوخة,50,2,8,1.5,طبق صغير,150,طبق صغير بامية مطبوخة
فاصوليا بيضاء مطبوخة,127,8.7,23,0.5,نصف كوب,100,نصف كوب فاصوليا بيضاء مطبوخة
لوبيا مطبوخة,115,7,20,0.8,نصف كوب,100,نصف كوب لوبيا مطبوخة
قلقاس مطبوخ,70,1.5,15,0.4,طبق صغير,150,طبق قلقاس مطبوخ
كوارع,380,30,0,28,قطعة,100,قطعة كوارع مسلوقة
كبده دجاج,135,21,1,5,100 جرام,100,100 جرام كبدة دجاج مشوية
قلوب دجاج,140,20,1,6,100 جرام,100,100 جرام قلوب دجاج
كبدة بقري,191,29,5,7,100 جرام,100,100 جرام كبدة بقري
عكاوي,250,24,0,18,قطعة متوسطة,100,قطعة عكاوي مسلوقة
مخ,301,13,2,27,100 جرام,100,100 جرام مخ مسلوق
كوارع,380,30,0,28,100 جرام,100,100 جرام كوارع مسلوقة
سمان مشوي,240,28,0,14,قطعة متوسطة,100,قطعة سمان مشوي
حمام محشي,320,25,20,18,قطعة متوسطة,250,قطعة حمام محشي أرز
رز بسمتي,120,2.5,26,0.5,نصف كوب,100,نصف كوب رز بسمتي مطبوخ
رز بالشعرية,150,3,28,3,نصف كوب,100,نصف كوب رز بالشعرية
صينية بطاطس باللحم,250,15,20,12,طبق صغير,200,طبق صينية بطاطس باللحم
صينية باذنجان باللحم,260,13,18,15,طبق صغير,200,طبق باذنجان باللحم
سمبوسة جبنة,120,5,10,7,قطعة,50,قطعة سمبوسة جبنة
سمبوسة لحم,150,7,12,9,قطعة,50,قطعة سمبوسة لحم
شوربة عدس,110,6,16,2,طبق صغير,200,طبق شوربة عدس
شوربة لسان عصفور,130,4,20,3,طبق صغير,200,طبق شوربة لسان عصفور
شوربة كريمة دجاج,180,6,10,12,طبق صغير,200,طبق شوربة كريمة دجاج
طعمية (فلافل),333,13,30,18,5 قطع,150,5 قطع فلافل مقلية
بطاطا حلوة مشوية,90,1.6,21,0.1,ثمرة متوسطة,130,ثمرة بطاطا حلوة مشوية
فطير مشلتت,420,7,50,22,قطعة صغيرة,100,قطعة فطير مشلتت
قرع عسل مطبوخ,70,1.2,15,0.5,طبق صغير,150,طبق قرع عسل مطبوخ
بسطرمة,300,25,0,22,100 جرام,100,100 جرام بسطرمة
سجق بلدي,320,18,4,28,100 جرام,100,100 جرام سجق بلدي
مرتديلا بقري,320,15,3,28,100 جرام,100,100 جرام مرتديلا بقري
لانشون دجاج,290,14,4,24,100 جرام,100,100 جرام لانشون دجاج
روستو بقري,250,23,2,15,100 جرام,100,100 جرام روستو بقري
سلمون مدخن,180,20,0,10,100 جرام,100,100 جرام سلمون مدخن
جمبري مشوي,99,20,0,1,100 جرام,100,100 جرام جمبري مشوي
كابوريا مسلوقة,90,19,1,1,100 جرام,100,100 جرام كابوريا مسلوقة
أخطبوط مسلوق,82,15,2,1,100 جرام,100,100 جرام أخطبوط مسلوق
محار بحري,79,16,4,1,100 جرام,100,100 جرام محار بحري
كاليماري مشوي,92,17,3,1,100 جرام,100,100 جرام كاليماري مشوي
تونة بزيت,200,25,0,10,100 جرام,100,100 جرام تونة محفوظة بالزيت
سمك ماكريل مشوي,230,21,0,15,100 جرام,100,100 جرام سمك ماكريل مشوي
رنجة مدخنة,210,25,0,12,100 جرام,100,100 جرام رنجة مدخنة
بط مشوي,337,24,0,28,100 جرام,100,100 جرام بط مشوي
إوز مشوي,350,23,0,30,100 جرام,100,100 جرام إوز مشوي
أرانب مطبوخة,190,28,0,8,100 جرام,100,100 جرام أرانب مطبوخة
قلوب بقري,142,20,1,6,100 جرام,100,100 جرام قلوب بقري
طحال بقري,130,21,1,4,100 جرام,100,100 جرام طحال بقري
مخ بقري,301,13,2,27,100 جرام,100,100 جرام مخ بقري
كرشة مطبوخة,140,18,0,6,100 جرام,100,100 جرام كرشة مطبوخة
لسان بقري,215,24,0,15,100 جرام,100,100 جرام لسان بقري
ديك رومي مشوي,189,28,0,8,100 جرام,100,100 جرام ديك رومي مشوي
بروكلي مطبوخ,35,2.5,7,0.4,نصف كوب,80,نصف كوب بروكلي مطبوخ
قرنبيط مسلوق,25,1.9,5,0.3,نصف كوب,80,نصف كوب قرنبيط مسلوق
سبانخ مطبوخ,23,3,3.7,0.3,نصف كوب,90,نصف كوب سبانخ مطبوخ
خس,15,1,3,0.2,كوب,50,كوب خس مقطع
جرجير,25,2.6,3.6,0.7,كوب,50,كوب جرجير طازج
فجل,16,0.7,3.4,0.1,كوب,50,كوب فجل مقطع
شمندر مسلوق,43,1.6,10,0.2,نصف كوب,85,نصف كوب شمندر مسلوق
لوبيا خضراء,31,1.8,7,0.1,نصف كوب,100,نصف كوب لوبيا خضراء مسلوقة
بامية خضراء,33,2,7,0.2,نصف كوب,100,نصف كوب بامية خضراء
كرنب أبيض,25,1.3,6,0.1,كوب,90,كوب كرنب أبيض مقطع
كرنب أحمر,31,1.5,7,0.2,كوب,90,كوب كرنب أحمر مقطع
خرشوف مسلوق,47,3.3,10,0.2,ثمرة متوسطة,120,ثمرة خرشوف مسلوقة
فطر (مشروم) مطبوخ,28,3.5,4,0.2,نصف كوب,80,نصف كوب مشروم مطبوخ
فلفل ألوان,27,1,6,0.3,ثمرة متوسطة,120,ثمرة فلفل ألوان متوسطة
جوز الهند مبشور,660,7,24,64,100 جرام,100,100 جرام جوز هند مبشور
تمر هندي,239,2,62,0.6,100 جرام,100,100 جرام تمر هندي
دبس رمان,258,1.5,65,0.3,100 جرام,100,100 جرام دبس رمان
زبيب,299,3.1,79,0.5,100 جرام,100,100 جرام زبيب
مشمش مجفف,241,3.4,63,0.5,100 جرام,100,100 جرام مشمش مجفف
تين مجفف,249,3.3,64,0.9,100 جرام,100,100 جرام تين مجفف
قراصيا,240,2.2,64,0.4,100 جرام,100,100 جرام قراصيا مجففة
بسكويت شاي,480,6,72,20,100 جرام,100,100 جرام بسكويت شاي
كيك عادي,385,5,60,15,100 جرام,100,100 جرام كيك عادي
دونات,452,5,52,25,100 جرام,100,100 جرام دونات محلاة
كريب حلو,295,6,45,10,قطعة متوسطة,100,قطعة كريب حلو
كريب حادق,330,8,38,15,قطعة متوسطة,100,قطعة كريب حادق
بسكويت بالسمسم,490,8,68,22,100 جرام,100,100 جرام بسكويت بالسمسم
تشيز كيك,410,6,38,26,100 جرام,100,100 جرام تشيز كيك
أرز باللبن,180,6,28,4,طبق صغير,200,طبق أرز باللبن
أم علي,310,7,38,14,طبق صغير,200,طبق أم علي
بسبوسة,350,6,60,14,100 جرام,100,100 جرام بسبوسة
كنافة,370,7,55,18,100 جرام,100,100 جرام كنافة
قطايف بالقشطة,290,6,50,9,قطعتين,100,قطعتان قطايف محشوة قشطة
قطايف بالمكسرات,320,7,45,14,قطعتين,100,قطعتان قطايف محشوة مكسرات
بريوش,340,8,55,12,100 جرام,100,100 جرام بريوش
تورته إسفنجية,310,5,60,10,100 جرام,100,100 جرام تورته إسفنجية
سمسمية,480,12,55,20,100 جرام,100,100 جرام سمسمية
فولية,450,14,48,18,100 جرام,100,100 جرام فولية
حلاوة الشعر,510,7,65,23,100 جرام,100,100 جرام حلاوة الشعر